,0
0,"Four Points by Sheraton Hotel & Serviced Apartments, Pune"
1,Courtyard by Marriott Pune Hinjewadi
2,The Pride Hotel Pune
3,The Orchid Hotel Pune
4,Conrad Pune
5,Sunderban Resort & Spa
6,Marriott Suites Pune
7,"Ginger Pune, Wakad"
8,Hotel Park Pune
9,Hotel Woodland
10,ibis Pune Viman Nagar
11,JW Marriott Hotel Pune
12,St Laurn Business Hotels
13,Hotels near Pune Airport by FabHotels
14,Hotels in Pune
15,"The Central Park Hotel, Pune"
16,Crowne Plaza Pune City Centre
17,The O Hotel
18,Novotel Pune Nagar Road
19,Pune Hotel
20,Keys Prima Hotel Parc Estique
21,"Blue Diamond, Pune - IHCL SeleQtions"
